<?xml version="1.0" ?>
<config xmlns:xsi="http://www.w3.org/2001/XMLSchema-instance" xsi:noNamespaceSchemaLocation="urn:magento:framework:Acl/etc/acl.xsd">
	<acl>
		<resources>
			<resource id="Magento_Backend::admin">
				<resource id="Banner_Slider::banner" title="banner" sortOrder="10">
					<resource id="Banner_Slider::banner_save" title="Save banner" sortOrder="10"/>
					<resource id="Banner_Slider::banner_delete" title="Delete banner" sortOrder="20"/>
					<resource id="Banner_Slider::banner_update" title="Update banner" sortOrder="30"/>
					<resource id="Banner_Slider::banner_view" title="View banner" sortOrder="40"/>
				</resource>
			</resource>
		</resources>
	</acl>
</config>
