<?xml version="1.0" ?>
<schema xmlns:xsi="http://www.w3.org/2001/XMLSchema-instance" xsi:noNamespaceSchemaLocation="urn:magento:framework:Setup/Declaration/Schema/etc/schema.xsd">
	<table name="banner_slider_banner" resource="default" engine="innodb" comment="banner_slider_banner Table">
		<column xsi:type="smallint" name="banner_id" padding="6" unsigned="true" nullable="false" identity="true" comment="Entity Id"/>
		<constraint xsi:type="primary" referenceId="PRIMARY">
			<column name="banner_id"/>
		</constraint>
		<column name="title" nullable="true" xsi:type="text" comment="title"/>
		<column name="image" nullable="true" xsi:type="varchar" comment="image" length="255"/>
		<column name="status" nullable="true" xsi:type="boolean" comment="status"/>
	</table>
</schema>
