<?xml version="1.0" ?>
<config xmlns:xsi="http://www.w3.org/2001/XMLSchema-instance" xsi:noNamespaceSchemaLocation="urn:magento:framework:ObjectManager/etc/config.xsd">
	<preference for="Banner\Slider\Api\BannerRepositoryInterface" type="Banner\Slider\Model\BannerRepository"/>
	<preference for="Banner\Slider\Api\Data\BannerInterface" type="Banner\Slider\Model\Data\Banner"/>
	<preference for="Banner\Slider\Api\Data\BannerSearchResultsInterface" type="Magento\Framework\Api\SearchResults"/>
	<virtualType name="Banner\Slider\Model\ResourceModel\Banner\Grid\Collection" type="Magento\Framework\View\Element\UiComponent\DataProvider\SearchResult">
		<arguments>
			<argument name="mainTable" xsi:type="string">banner_slider_banner</argument>
			<argument name="resourceModel" xsi:type="string">Banner\Slider\Model\ResourceModel\Banner\Collection</argument>
		</arguments>
	</virtualType>
	<type name="Magento\Framework\View\Element\UiComponent\DataProvider\CollectionFactory">
		<arguments>
			<argument name="collections" xsi:type="array">
				<item name="banner_slider_banner_listing_data_source" xsi:type="string">Banner\Slider\Model\ResourceModel\Banner\Grid\Collection</item>
			</argument>
		</arguments>
	</type>
</config>
