<?xml version="1.0"?>
<config xmlns:xsi="http://www.w3.org/2001/XMLSchema-instance" xsi:noNamespaceSchemaLocation="urn:magento:module:Magento_Config:etc/system_file.xsd">
    <system>
        <tab id="magepow" translate="label" sortOrder="1">
            <label>Frontend Crud Custom Extensions</label>
        </tab>
        <section id="frontend_crud" translate="label" sortOrder="1" showInDefault="1" showInWebsite="1" showInStore="1">
            <label>Frontend Form</label>
            <tab>magepow</tab>
            <resource>frontend_crud::config_system</resource>
            <group id="general" translate="label" type="text" sortOrder="2" showInDefault="1" showInWebsite="1" showInStore="1">
                <label>General</label>
                <field id="enable" translate="label comment" type="select" sortOrder="1" showInDefault="1" showInWebsite="1" showInStore="1" canRestore="1">
                    <label>Enabled</label>
                    <comment>Enables or disables extension.</comment>
                    <source_model>Magento\Config\Model\Config\Source\Yesno</source_model>
                </field>
               
            </group>
        </section>
    </system>
</config>
