<?xml version="1.0"?>
<!--
/**
 * Copyright © Magento, Inc. All rights reserved.
 * See COPYING.txt for license details.
 */
-->
<schema xmlns:xsi="http://www.w3.org/2001/XMLSchema-instance" xsi:noNamespaceSchemaLocation="urn:magento:framework:Setup/Declaration/Schema/etc/schema.xsd">
    <table name="custom_contact" resource="default" engine="innodb" comment="RH Helloworld">
        <column xsi:type="smallint" name="id" padding="6" unsigned="false" nullable="false" identity="true" comment="ID"/>
        <column xsi:type="varchar" name="name" nullable="false" length="255" comment="Name"/>
        <column xsi:type="varchar" name="email" nullable="false" length="255" comment="Email"/>
        <column xsi:type="varchar" name="image" nullable="false" length="255" comment="Image"/>
        <column xsi:type="varchar" name="phone" nullable="false" length="255" comment="Phone Number"/>
        <column xsi:type="varchar" name="comment" nullable="false" length="255" comment="Comment"/>
        <constraint xsi:type="primary" referenceId="PRIMARY">
            <column name="id"/>
        </constraint>
    </table>
</schema>
