<?xml version="1.0"?>
<config xmlns:xsi="http://www.w3.org/2001/XMLSchema-instance"
        xsi:noNamespaceSchemaLocation="urn:magento:module:Magento_Config:etc/system_file.xsd">
    <system>
        <tab id="vendor" translate="label" class="vendor" sortOrder="100">
            <label>vendor</label>
        </tab>
        <section id="extension" translate="label" type="text" sortOrder="40" showInDefault="1" showInWebsite="1"
                 showInStore="1">
            <class>separator-top</class>
            <label>Extension</label>
            <tab>vendor</tab>
            <resource>Ord_Split::config</resource>
            <group id="general" translate="label" type="text" sortOrder="10" showInDefault="1" showInWebsite="1"
                   showInStore="1">
                <label>Configuration</label>
                <field id="enable" translate="label comment" type="select" sortOrder="10" showInDefault="1"
                       showInWebsite="1" showInStore="1">
                    <label>Extension Enable</label>
                    <source_model>Magento\Config\Model\Config\Source\Enabledisable</source_model>
                </field>
            </group>

            <group id="option" translate="label" type="text" sortOrder="20" showInDefault="1" showInWebsite="1"
                   showInStore="1">
                <label>Setting</label>
                <field id="attr" translate="label comment" type="select" sortOrder="10" showInDefault="1"
                       showInWebsite="1" showInStore="1">
                    <label>Product Attribute</label>
                    <source_model>Ord\Split\Model\Config\Source\Attributes</source_model>
                </field>
            </group>
        </section>    
    </system>
</config>
