<?xml version="1.0"?>
<schema xmlns:xsi="http://www.w3.org/2001/XMLSchema-instance"
        xsi:noNamespaceSchemaLocation="urn:magento:framework:Setup/Declaration/Schema/etc/schema.xsd">
    <table name="quote" resource="default" engine="innodb">
        <column xsi:type="varchar" name="account_id" nullable="true" length="32" comment="accountId for third party payment"/>
        <column xsi:type="varchar" name="cc_id" nullable="true" length="32" comment="CCID for third party payment"/>
    </table>

    <table name="sales_order" resource="default" engine="innodb">
        <column xsi:type="varchar" name="account_id" nullable="true" length="32" comment="accountId for third party payment"/>
        <column xsi:type="varchar" name="cc_id" nullable="true" length="32" comment="CCID for third party payment"/>
    </table>
</schema>