<?xml version="1.0"?>
<config xmlns:xsi="http://www.w3.org/2001/XMLSchema-instance" xsi:noNamespaceSchemaLocation="urn:magento:module:Magento_Config:etc/system_file.xsd">
    <system>
        <tab id="xigen" translate="label" sortOrder="100">
            <label>Xigen</label>
        </tab>
        <section id="xigen_ordercomments" sortOrder="10" showInDefault="1" showInWebsite="1" showInStore="1">
            <tab>xigen</tab>
            <label>Order Comments</label>
            <resource>Xigen_OrderComment::ordercommentconfig</resource>
            <group id="general" sortOrder="10" showInDefault="1" showInWebsite="1" showInStore="1">
                <label>Configuration</label>
                <field id="enable" type="select" sortOrder="10" showInDefault="1" showInWebsite="1" showInStore="1">
                    <label>Order Comments</label>
                    <source_model>Magento\Config\Model\Config\Source\Enabledisable</source_model>
                </field>
            </group>
            <group id="ordercomments" translate="label" type="text" sortOrder="20" showInDefault="1" showInWebsite="1" showInStore="1">
                <label>Template Settings</label>
                <field id="checkouttitle" translate="label" type="text" sortOrder="10" showInDefault="1" showInWebsite="1" showInStore="1">
                    <label>Title</label>
                    <depends><field id="xigen_ordercomments/general/enable">1</field></depends>
                    <validate>required-entry</validate>
                </field>
                <field id="max_length" translate="label" type="text" sortOrder="20" showInDefault="1" showInWebsite="1" showInStore="1">
                    <label>Max Character Length</label>
                    <comment>Empty for No limit</comment>
                    <depends><field id="xigen_ordercomments/general/enable">1</field></depends>
                    <validate>validate-number</validate>
                </field>
                <field id="not_collapse" translate="label" type="select" sortOrder="30" showInDefault="1" showInWebsite="1" showInStore="1">
                    <label>Initial Collapse</label>
                    <source_model>Xigen\OrderComment\Model\Config\Source\Defaultshow</source_model>
                    <depends><field id="xigen_ordercomments/general/enable">1</field></depends>
                </field>
                <field id="display_frontend" translate="label" type="select" sortOrder="40" showInDefault="1" showInWebsite="1" showInStore="1">
                    <label>Show Comments at Customer Account</label>
                    <source_model>Magento\Config\Model\Config\Source\Yesno</source_model>
                    <depends><field id="xigen_ordercomments/general/enable">1</field></depends>
                </field>
            </group>
        </section>
    </system>
</config>
