<?xml version="1.0"?>
<schema xmlns:xsi="http://www.w3.org/2001/XMLSchema-instance"
        xsi:noNamespaceSchemaLocation="urn:magento:framework:Setup/Declaration/Schema/etc/schema.xsd">
    <table name="banner_grid_post" resource="default" engine="innodb" comment="banner_grid_post Table">
		<column xsi:type="smallint" name="post_id" padding="6" unsigned="true" nullable="false" identity="true" comment="Entity Id"/>
		<constraint xsi:type="primary" referenceId="PRIMARY">
			<column name="post_id"/>
		</constraint>
		<column name="title" nullable="true" xsi:type="text" comment="title"/>
		<column name="image" nullable="true" xsi:type="text" comment="image"/>
		<column name="status" nullable="true" xsi:type="text" comment="status"/>
	</table>

	<table name="banner_grid_testing" resource="default" engine="innodb" comment="banner_grid_testing Table">
		<column xsi:type="smallint" name="post_id" padding="6" unsigned="true" nullable="false" identity="true" comment="Entity Id"/>
		<constraint xsi:type="primary" referenceId="PRIMARY">
			<column name="post_id"/>
		</constraint>
		<column name="name" nullable="true" xsi:type="varchar" comment="name"/>
		<column name="size" nullable="true" xsi:type="varchar" comment="size"/>
		<column name="company" nullable="true" xsi:type="varchar" comment="company"/>
	</table>

    
</schema>
