<?xml version="1.0"?>
<schema xmlns:xsi="http://www.w3.org/2001/XMLSchema-instance"
        xsi:noNamespaceSchemaLocation="urn:magento:framework:Setup/Declaration/Schema/etc/schema.xsd">
    <table name="quote" resource="default" engine="innodb">
        <column xsi:type="varchar" name="account_id" nullable="true" length="32" comment="accountId for third party payment"/>
        <column xsi:type="varchar" name="cc_id" nullable="true" length="32" comment="CCID for third party payment"/>
        <column xsi:type="varchar" name="pharmacy_address" nullable="true" length="255" comment="Pharmacy Address"/>
        <column xsi:type="varchar" name="location_map_url" nullable="true" length="255" comment="Location Map URL of Pharmacy"/>
        <column xsi:type="varchar" name="pharmacy_hours" nullable="true" length="255" comment="Pharmacy Hours"/>
        <column xsi:type="varchar" name="pharmacy_name" nullable="true" length="255" comment="Pharmacy Name"/>
        <column xsi:type="varchar" name="delivery_date" nullable="true" length="255" comment="Delivery Date"/>
    </table>

    <table name="sales_order" resource="default" engine="innodb">
        <column xsi:type="varchar" name="account_id" nullable="true" length="32" comment="accountId for third party payment"/>
        <column xsi:type="varchar" name="cc_id" nullable="true" length="32" comment="CCID for third party payment"/>
        <column xsi:type="varchar" name="delivery_date" nullable="true" length="255" comment="Delivery Date"/>
    </table>

    <table name="catalog_product_entity" resource="default" engine="innodb">
        <column xsi:type="varchar" name="sku" nullable="true" length="255" comment="increase size of sku field"/>
    </table>
</schema>