<?xml version="1.0" encoding="UTF-8"?>
<!--
/**
 * Created By : Rohan Hapani
 */
-->
<schema xmlns:xsi="http://www.w3.org/2001/XMLSchema-instance" xsi:noNamespaceSchemaLocation="urn:magento:framework:Setup/Declaration/Schema/etc/schema.xsd">
   <table name="pincode" resource="default" engine="innodb" comment="Pincode">
      <column xsi:type="smallint" name="id" padding="6" unsigned="false" nullable="false" identity="true" comment="ID" />
      <column xsi:type="varchar" name="zipcode" nullable="false" length="25" comment="Zipcode" />
      <column xsi:type="varchar" name="shipment_available" nullable="false" length="25" comment="Shipment Available" />
      <column xsi:type="varchar" name="cod_available" nullable="false" length="255" comment="COD Available" />
      <column xsi:type="varchar" name="days_to_deliver" nullable="false" length="25" comment="Days To Deliver" />
      <constraint xsi:type="primary" referenceId="PRIMARY">
         <column name="id" />
      </constraint>
   </table>
</schema>
